site,tree_id,year,fate,instar,tet_larv
Gof,2017.Gof.1.Low.Girdled,2017,Alive,1,0
Gof,2017.Gof.2.Low.Girdled,2017,Alive,5,0
Gof,2017.Gof.2.Low.Girdled,2017,Alive,5,0
Gof,2017.Gof.2.Low.Girdled,2017,Alive,5,0
Gof,2017.Gof.2.Low.Girdled,2017,Alive,5,0
Gof,2017.Gof.2.Low.Girdled,2017,Alive,5,0
Gof,2017.Gof.6.Low.Girdled,2017,Alive,2,0
Gof,2017.Gof.6.Low.Girdled,2017,Alive,5,0
Gof,2017.Gof.8.Low.Ungirdled,2017,Alive,2,0
Gof,2017.Gof.8.Low.Ungirdled,2017,Alive,2,0
Gof,2017.Gof.11.Low.Ungirdled,2017,Alive,0,0
Gof,2017.Gof.12.Low.Ungirdled,2017,Alive,1,0
Gof,2017.Gof.12.Low.Ungirdled,2017,Alive,2,0
Gof,2017.Gof.12.Low.Ungirdled,2017,Alive,2,0
Gof,2017.Gof.12.Low.Ungirdled,2017,Alive,2,0
Gof,2017.Gof.15.Low.Ungirdled,2017,Alive,5,0
Gof,2017.Gof.15.Low.Ungirdled,2017,Alive,5,0
Gof,2017.Gof.17.Low.Ungirdled,2017,Alive,1,0
Gof,2017.Gof.17.Low.Ungirdled,2017,Alive,2,0
Gof,2017.Gof.17.Low.Ungirdled,2017,Alive,2,0
Gof,2017.Gof.17.Low.Ungirdled,2017,Alive,2,0
Gof,2017.Gof.18.Low.Ungirdled,2017,Alive,5,0
Gof,2017.Gof.18.Low.Ungirdled,2017,Alive,5,0
Gof,2017.Gof.18.Low.Ungirdled,2017,Alive,5,0
Gof,2017.Gof.20.High.Girdled,2017,Alive,1,0
Gof,2017.Gof.20.High.Girdled,2017,Alive,1,0
Gof,2017.Gof.20.High.Girdled,2017,Alive,1,0
Gof,2017.Gof.20.High.Girdled,2017,Alive,2,0
Gof,2017.Gof.20.High.Girdled,2017,Alive,2,0
Gof,2017.Gof.20.High.Girdled,2017,Alive,2,0
Gof,2017.Gof.20.High.Girdled,2017,Alive,2,0
Gof,2017.Gof.20.High.Girdled,2017,Alive,5,0
Gof,2017.Gof.21.High.Girdled,2017,Alive,2,0
Gof,2017.Gof.21.High.Girdled,2017,Alive,3,0
Gof,2017.Gof.21.High.Girdled,2017,Alive,3,0
Gof,2017.Gof.21.High.Girdled,2017,Alive,4,0
Gof,2017.Gof.21.High.Girdled,2017,Alive,4,0
Gof,2017.Gof.21.High.Girdled,2017,Alive,4,0
Gof,2017.Gof.21.High.Girdled,2017,Alive,4,0
Gof,2017.Gof.21.High.Girdled,2017,Alive,5,0
Gof,2017.Gof.22.High.Girdled,2017,Alive,4,0
Gof,2017.Gof.22.High.Girdled,2017,Alive,4,0
Gof,2017.Gof.22.High.Girdled,2017,Alive,4,0
Gof,2017.Gof.22.High.Girdled,2017,Alive,5,0
Gof,2017.Gof.22.High.Girdled,2017,Alive,5,0
Gof,2017.Gof.22.High.Girdled,2017,Alive,5,0
Gof,2017.Gof.22.High.Girdled,2017,Alive,5,0
Gof,2017.Gof.22.High.Girdled,2017,Dead,5,0
Gof,2017.Gof.23.High.Girdled,2017,Alive,1,0
Gof,2017.Gof.23.High.Girdled,2017,Alive,2,0
Gof,2017.Gof.23.High.Girdled,2017,Alive,2,0
Gof,2017.Gof.23.High.Girdled,2017,Alive,4,0
Gof,2017.Gof.23.High.Girdled,2017,Alive,5,0
Gof,2017.Gof.23.High.Girdled,2017,Alive,5,0
Gof,2017.Gof.23.High.Girdled,2017,Alive,5,0
Gof,2017.Gof.23.High.Girdled,2017,Alive,5,0
Gof,2017.Gof.23.High.Girdled,2017,Alive,5,0
Gof,2017.Gof.36.Low.Girdled,2017,KBT,1,0
Gof,2017.Gof.36.Low.Girdled,2017,Alive,2,0
Gof,2017.Gof.36.Low.Girdled,2017,Alive,5,0
Gof,2017.Gof.37.Low.Girdled,2017,Alive,1,0
Gof,2017.Gof.37.Low.Girdled,2017,KBT,2,0
Gof,2017.Gof.37.Low.Girdled,2017,Alive,5,0
Gof,2017.Gof.39.Low.Girdled,2017,Alive,4,0
Gof,2017.Gof.39.Low.Girdled,2017,Alive,5,0
Gof,2017.Gof.39.Low.Girdled,2017,Alive,5,0
Gof,2017.Gof.40.Low.Girdled,2017,Alive,2,0
Gof,2017.Gof.40.Low.Girdled,2017,Dead,2,0
Gof,2017.Gof.40.Low.Girdled,2017,Alive,2,0
Gof,2017.Gof.40.Low.Girdled,2017,Alive,5,0
Gof,2017.Gof.40.Low.Girdled,2017,Alive,5,0
Gof,2017.Gof.40.Low.Girdled,2017,Alive,5,0
Gof,2017.Gof.41.Low.Ungirdled,2017,Tets,1,2
KP,2017.KP.1.High.Girdled,2017,Alive,1,0
KP,2017.KP.1.High.Girdled,2017,Alive,1,0
KP,2017.KP.1.High.Girdled,2017,Alive,1,0
KP,2017.KP.1.High.Girdled,2017,Alive,1,0
KP,2017.KP.1.High.Girdled,2017,Alive,1,0
KP,2017.KP.1.High.Girdled,2017,Alive,1,0
KP,2017.KP.1.High.Girdled,2017,Alive,1,0
KP,2017.KP.1.High.Girdled,2017,Alive,2,0
KP,2017.KP.1.High.Girdled,2017,Alive,2,0
KP,2017.KP.1.High.Girdled,2017,Alive,2,0
KP,2017.KP.1.High.Girdled,2017,Alive,3,0
KP,2017.KP.1.High.Girdled,2017,Alive,3,0
KP,2017.KP.1.High.Girdled,2017,Alive,5,0
KP,2017.KP.1.High.Girdled,2017,Alive,5,0
KP,2017.KP.1.High.Girdled,2017,Alive,5,0
KP,2017.KP.1.High.Girdled,2017,Alive,5,0
KP,2017.KP.4.Low.Girdled,2017,Alive,1,0
KP,2017.KP.4.Low.Girdled,2017,Alive,2,0
KP,2017.KP.4.Low.Girdled,2017,Alive,2,0
KP,2017.KP.5.High.Girdled,2017,Alive,2,0
KP,2017.KP.5.High.Girdled,2017,Alive,3,0
KP,2017.KP.5.High.Girdled,2017,Alive,3,0
KP,2017.KP.5.High.Girdled,2017,Alive,3,0
KP,2017.KP.5.High.Girdled,2017,Alive,4,0
KP,2017.KP.5.High.Girdled,2017,Alive,4,0
KP,2017.KP.5.High.Girdled,2017,Alive,4,0
KP,2017.KP.5.High.Girdled,2017,Alive,5,0
KP,2017.KP.5.High.Girdled,2017,Alive,5,0
KP,2017.KP.5.High.Girdled,2017,Alive,5,0
KP,2017.KP.5.High.Girdled,2017,Alive,5,0
KP,2017.KP.5.High.Girdled,2017,Alive,5,0
KP,2017.KP.5.High.Girdled,2017,Alive,5,0
KP,2017.KP.5.High.Girdled,2017,Alive,5,0
KP,2017.KP.5.High.Girdled,2017,Alive,5,0
KP,2017.KP.5.High.Girdled,2017,Alive,5,0
KP,2017.KP.5.High.Girdled,2017,Alive,5,0
KP,2017.KP.5.High.Girdled,2017,Alive,5,0
KP,2017.KP.5.High.Girdled,2017,Alive,5,0
KP,2017.KP.5.High.Girdled,2017,Alive,5,0
KP,2017.KP.5.High.Girdled,2017,Alive,5,0
KP,2017.KP.6.Low.Girdled,2017,Alive,1,0
KP,2017.KP.6.Low.Girdled,2017,Alive,2,0
KP,2017.KP.6.Low.Girdled,2017,Alive,5,0
KP,2017.KP.6.Low.Girdled,2017,Alive,5,0
KP,2017.KP.6.Low.Girdled,2017,Alive,5,0
KP,2017.KP.6.Low.Girdled,2017,Alive,5,0
KP,2017.KP.7.Low.Ungirdled,2017,Alive,3,0
KP,2017.KP.7.Low.Ungirdled,2017,Alive,3,0
KP,2017.KP.7.Low.Ungirdled,2017,Alive,3,0
KP,2017.KP.9.Low.Ungirdled,2017,KBT,1,0
KP,2017.KP.9.Low.Ungirdled,2017,KBT,2,0
KP,2017.KP.9.Low.Ungirdled,2017,Alive,2,0
KP,2017.KP.9.Low.Ungirdled,2017,Alive,2,0
KP,2017.KP.10.High.Ungirdled,2017,KBT,1,0
KP,2017.KP.10.High.Ungirdled,2017,Alive,1,0
KP,2017.KP.10.High.Ungirdled,2017,Alive,1,0
KP,2017.KP.10.High.Ungirdled,2017,Alive,2,0
KP,2017.KP.10.High.Ungirdled,2017,Alive,2,0
KP,2017.KP.10.High.Ungirdled,2017,Alive,2,0
KP,2017.KP.10.High.Ungirdled,2017,Alive,2,0
KP,2017.KP.10.High.Ungirdled,2017,Alive,5,0
KP,2017.KP.10.High.Ungirdled,2017,Alive,5,0
KP,2017.KP.10.High.Ungirdled,2017,Alive,5,0
KP,2017.KP.11.High.Ungirdled,2017,KBT,1,0
KP,2017.KP.11.High.Ungirdled,2017,KBT,1,0
KP,2017.KP.11.High.Ungirdled,2017,KBT,1,0
KP,2017.KP.11.High.Ungirdled,2017,KBT,1,0
KP,2017.KP.11.High.Ungirdled,2017,KBT,1,0
KP,2017.KP.11.High.Ungirdled,2017,KBT,1,0
KP,2017.KP.11.High.Ungirdled,2017,Alive,1,0
KP,2017.KP.11.High.Ungirdled,2017,Alive,1,0
KP,2017.KP.11.High.Ungirdled,2017,Alive,1,0
KP,2017.KP.11.High.Ungirdled,2017,Alive,1,0
KP,2017.KP.11.High.Ungirdled,2017,Alive,2,0
KP,2017.KP.11.High.Ungirdled,2017,Alive,2,0
KP,2017.KP.11.High.Ungirdled,2017,Alive,2,0
KP,2017.KP.11.High.Ungirdled,2017,Alive,2,0
KP,2017.KP.11.High.Ungirdled,2017,Alive,2,0
KP,2017.KP.11.High.Ungirdled,2017,Alive,2,0
KP,2017.KP.11.High.Ungirdled,2017,Alive,2,0
KP,2017.KP.11.High.Ungirdled,2017,Alive,2,0
KP,2017.KP.11.High.Ungirdled,2017,Alive,2,0
KP,2017.KP.11.High.Ungirdled,2017,Alive,2,0
KP,2017.KP.11.High.Ungirdled,2017,Alive,2,0
KP,2017.KP.11.High.Ungirdled,2017,Alive,5,0
KP,2017.KP.12.Low.Ungirdled,2017,KBT,2,0
KP,2017.KP.12.Low.Ungirdled,2017,Alive,2,0
KP,2017.KP.12.Low.Ungirdled,2017,Alive,5,0
KP,2017.KP.13.Low.Ungirdled,2017,Alive,1,0
KP,2017.KP.13.Low.Ungirdled,2017,KBT,1,0
KP,2017.KP.13.Low.Ungirdled,2017,Alive,2,0
KP,2017.KP.24.High.Ungirdled,2017,Alive,1,0
KP,2017.KP.24.High.Ungirdled,2017,Alive,1,0
KP,2017.KP.24.High.Ungirdled,2017,Alive,1,0
KP,2017.KP.24.High.Ungirdled,2017,Alive,1,0
KP,2017.KP.24.High.Ungirdled,2017,Alive,1,0
KP,2017.KP.24.High.Ungirdled,2017,Alive,1,0
KP,2017.KP.24.High.Ungirdled,2017,Alive,2,0
KP,2017.KP.24.High.Ungirdled,2017,Alive,2,0
KP,2017.KP.24.High.Ungirdled,2017,Alive,3,0
KP,2017.KP.24.High.Ungirdled,2017,Alive,3,0
KP,2017.KP.24.High.Ungirdled,2017,Alive,4,0
KP,2017.KP.24.High.Ungirdled,2017,Alive,5,0
KP,2017.KP.24.High.Ungirdled,2017,Alive,5,0
KP,2017.KP.25.High.Girdled,2017,Alive,1,0
KP,2017.KP.25.High.Girdled,2017,Alive,1,0
KP,2017.KP.25.High.Girdled,2017,Alive,2,0
KP,2017.KP.25.High.Girdled,2017,Alive,5,0
KP,2017.KP.26.Low.Girdled,2017,KBT,1,0
KP,2017.KP.26.Low.Girdled,2017,Alive,1,0
KP,2017.KP.26.Low.Girdled,2017,KBT,5,0
KP,2017.KP.26.Low.Girdled,2017,Alive,5,0
KP,2017.KP.26.Low.Girdled,2017,Alive,5,0
KP,2017.KP.26.Low.Girdled,2017,WP,5,0
KP,2017.KP.27.High.Ungirdled,2017,Alive,1,0
KP,2017.KP.27.High.Ungirdled,2017,Alive,2,0
KP,2017.KP.27.High.Ungirdled,2017,Alive,5,0
KP,2017.KP.27.High.Ungirdled,2017,Alive,6,0
KP,2017.KP.27.High.Ungirdled,2017,Alive,6,0
KP,2017.KP.28.Low.Girdled,2017,KBT,1,0
KP,2017.KP.28.Low.Girdled,2017,Alive,2,0
KP,2017.KP.28.Low.Girdled,2017,Alive,3,0
KP,2017.KP.28.Low.Girdled,2017,Alive,5,0
KP,2017.KP.28.Low.Girdled,2017,Alive,5,0
KP,2017.KP.28.Low.Girdled,2017,WP,5,0
KP,2017.KP.29.Low.Ungirdled,2017,Alive,2,0
KP,2017.KP.29.Low.Ungirdled,2017,Alive,3,0
KP,2017.KP.A3.Low.Ungirdled,2017,KBT,1,0
KP,2017.KP.A4.Low.Ungirdled,2017,Alive,2,0
KP,2017.KP.A5.Low.Girdled,2017,Alive,2,0
KP,2017.KP.A5.Low.Ungirdled,2017,Alive,2,0
KP,2017.KP.A5.Low.Ungirdled,2017,Alive,2,0
KP,2017.KP.A6.Low.Ungirdled,2017,Alive,2,0
KP,2017.KP.A6.Low.Ungirdled,2017,Alive,2,0
KP,2017.KP.A6.Low.Ungirdled,2017,Alive,5,0
KP,2017.KP.A7.Low.Ungirdled,2017,Alive,2,0
KP,2017.KP.A7.Low.Ungirdled,2017,Alive,2,0
KP,2017.KP.A7.Low.Ungirdled,2017,Alive,5,0
KP,2017.KP.A8.Low.Ungirdled,2017,Alive,3,0
KP,2017.KP.A8.Low.Ungirdled,2017,Alive,5,0
KP,2017.KP.A9.Low.Girdled,2017,Alive,0,0
KP,2017.KP.A9.Low.Ungirdled,2017,Alive,5,0
MP,2017.MP.2.Low.Ungirdled,2017,Alive,0,0
MP,2017.MP.3.Low.Girdled,2017,Alive,0,0
MP,2017.MP.4.Low.Ungirdled,2017,Alive,0,0
MP,2017.MP.5.High.Girdled,2017,KBT,1,0
MP,2017.MP.5.High.Girdled,2017,Alive,1,0
MP,2017.MP.5.High.Girdled,2017,Alive,2,0
MP,2017.MP.5.High.Girdled,2017,Alive,2,0
MP,2017.MP.5.High.Girdled,2017,Alive,3,0
MP,2017.MP.5.High.Girdled,2017,Alive,3,0
MP,2017.MP.5.High.Girdled,2017,Alive,3,0
MP,2017.MP.5.High.Girdled,2017,Alive,4,0
MP,2017.MP.5.High.Girdled,2017,Alive,5,0
MP,2017.MP.5.High.Girdled,2017,Alive,5,0
MP,2017.MP.6.Low.Ungirdled,2017,Alive,0,0
MP,2017.MP.8.Low.Girdled,2017,Alive,2,0
MP,2017.MP.9.Low.Ungirdled,2017,Alive,1,0
MP,2017.MP.9.Low.Ungirdled,2017,Alive,1,0
MP,2017.MP.10.Low.Girdled,2017,Alive,2,0
MP,2017.MP.11.Low.Girdled,2017,Alive,0,0
MP,2017.MP.13.High.Ungirdled,2017,Alive,1,0
MP,2017.MP.13.High.Ungirdled,2017,Alive,1,0
MP,2017.MP.13.High.Ungirdled,2017,Alive,1,0
MP,2017.MP.13.High.Ungirdled,2017,Alive,1,0
MP,2017.MP.13.High.Ungirdled,2017,Alive,1,0
MP,2017.MP.13.High.Ungirdled,2017,Alive,1,0
MP,2017.MP.13.High.Ungirdled,2017,Alive,1,0
MP,2017.MP.13.High.Ungirdled,2017,Alive,5,0
MP,2017.MP.15.Low.Ungirdled,2017,Alive,2,0
MP,2017.MP.16.Low.Ungirdled,2017,Alive,2,0
MP,2017.MP.17.Low.Ungirdled,2017,KBT,2,0
MP,2017.MP.17.Low.Ungirdled,2017,Alive,5,0
MP,2017.MP.17.Low.Ungirdled,2017,Alive,5,0
MP,2017.MP.17.Low.Ungirdled,2017,Alive,5,0
MP,2017.MP.19.Low.Ungirdled,2017,Alive,1,0
MP,2017.MP.19.Low.Ungirdled,2017,Alive,2,0
MP,2017.MP.19.Low.Ungirdled,2017,Alive,5,0
MP,2017.MP.19.Low.Ungirdled,2017,Alive,5,0
MP,2017.MP.19.Low.Ungirdled,2017,Alive,5,0
MP,2017.MP.20.Low.Ungirdled,2017,Alive,0,0
MP,2017.MP.21.High.Ungirdled,2017,KBT,1,0
MP,2017.MP.21.High.Ungirdled,2017,KBT,1,0
MP,2017.MP.21.High.Ungirdled,2017,KBT,1,0
MP,2017.MP.21.High.Ungirdled,2017,KBT,1,0
MP,2017.MP.21.High.Ungirdled,2017,Alive,1,0
MP,2017.MP.21.High.Ungirdled,2017,Alive,1,0
MP,2017.MP.21.High.Ungirdled,2017,Alive,1,0
MP,2017.MP.21.High.Ungirdled,2017,Alive,1,0
MP,2017.MP.21.High.Ungirdled,2017,Alive,1,0
MP,2017.MP.21.High.Ungirdled,2017,Alive,1,0
MP,2017.MP.21.High.Ungirdled,2017,Alive,1,0
MP,2017.MP.21.High.Ungirdled,2017,Alive,1,0
MP,2017.MP.21.High.Ungirdled,2017,Alive,1,0
MP,2017.MP.21.High.Ungirdled,2017,Alive,1,0
MP,2017.MP.21.High.Ungirdled,2017,Alive,1,0
MP,2017.MP.21.High.Ungirdled,2017,Alive,1,0
MP,2017.MP.21.High.Ungirdled,2017,Alive,2,0
MP,2017.MP.22.Low.Ungirdled,2017,Alive,1,0
MP,2017.MP.23.High.Girdled,2017,Tets,5,2
MP,2017.MP.23.High.Girdled,2017,Tets,5,2
MP,2017.MP.24.High.Girdled,2017,Tets,1,8
MP,2017.MP.24.High.Girdled,2017,Tets,1,8
MP,2017.MP.24.High.Girdled,2017,Tets,2,8
MP,2017.MP.24.High.Girdled,2017,Tets,2,8
MP,2017.MP.25.High.Girdled,2017,Alive,4,0
MP,2017.MP.25.High.Girdled,2017,Alive,5,0
MP,2017.MP.25.High.Girdled,2017,Alive,5,0
MP,2017.MP.25.High.Girdled,2017,Alive,5,0
MP,2017.MP.25.High.Girdled,2017,Alive,5,0
MP,2017.MP.25.High.Girdled,2017,Alive,5,0
MP,2017.MP.25.High.Girdled,2017,Alive,5,0
MP,2017.MP.25.High.Girdled,2017,Alive,5,0
MP,2017.MP.25.High.Girdled,2017,Alive,5,0
MP,2017.MP.25.High.Girdled,2017,Alive,5,0
MP,2017.MP.25.High.Girdled,2017,Alive,5,0
MP,2017.MP.25.High.Girdled,2017,Alive,5,0
MP,2017.MP.25.High.Girdled,2017,Alive,5,0
MP,2017.MP.25.High.Girdled,2017,Alive,5,0
MP,2017.MP.26.High.Ungirdled,2017,Alive,1,0
MP,2017.MP.26.High.Ungirdled,2017,Alive,1,0
MP,2017.MP.26.High.Ungirdled,2017,Alive,1,0
MP,2017.MP.26.High.Ungirdled,2017,Alive,1,0
MP,2017.MP.26.High.Ungirdled,2017,Alive,1,0
MP,2017.MP.26.High.Ungirdled,2017,Alive,1,0
MP,2017.MP.26.High.Ungirdled,2017,Alive,1,0
MP,2017.MP.26.High.Ungirdled,2017,Alive,1,0
MP,2017.MP.26.High.Ungirdled,2017,Alive,1,0
MP,2017.MP.26.High.Ungirdled,2017,Alive,1,0
MP,2017.MP.26.High.Ungirdled,2017,Alive,2,0
MP,2017.MP.26.High.Ungirdled,2017,Alive,2,0
MP,2017.MP.26.High.Ungirdled,2017,Alive,2,0
MP,2017.MP.26.High.Ungirdled,2017,Alive,2,0
MP,2017.MP.26.High.Ungirdled,2017,Alive,2,0
MP,2017.MP.26.High.Ungirdled,2017,Alive,3,0
MP,2017.MP.27.Low.Girdled,2017,Alive,1,0
MP,2017.MP.27.Low.Girdled,2017,Alive,2,0
MP,2017.MP.27.Low.Girdled,2017,Alive,2,0
MP,2017.MP.29.Low.Ungirdled,2017,Alive,1,0
MP,2017.MP.29.Low.Ungirdled,2017,Alive,2,0
MP,2017.MP.30.High.Ungirdled,2017,KBT,1,0
MP,2017.MP.30.High.Ungirdled,2017,KBT,1,0
MP,2017.MP.30.High.Ungirdled,2017,Alive,1,0
MP,2017.MP.30.High.Ungirdled,2017,Alive,1,0
MP,2017.MP.30.High.Ungirdled,2017,Alive,1,0
MP,2017.MP.30.High.Ungirdled,2017,Alive,2,0
MP,2017.MP.30.High.Ungirdled,2017,Alive,2,0
MP,2017.MP.30.High.Ungirdled,2017,Alive,2,0
MP,2017.MP.30.High.Ungirdled,2017,Alive,2,0
MP,2017.MP.30.High.Ungirdled,2017,Alive,2,0
MP,2017.MP.30.High.Ungirdled,2017,Alive,2,0
MP,2017.MP.30.High.Ungirdled,2017,Alive,2,0
MP,2017.MP.30.High.Ungirdled,2017,Alive,2,0
MP,2017.MP.30.High.Ungirdled,2017,Alive,2,0
MP,2017.MP.30.High.Ungirdled,2017,Alive,2,0
MP,2017.MP.30.High.Ungirdled,2017,Alive,2,0
MP,2017.MP.30.High.Ungirdled,2017,Alive,2,0
MP,2017.MP.30.High.Ungirdled,2017,Alive,2,0
MP,2017.MP.30.High.Ungirdled,2017,Alive,2,0
MP,2017.MP.30.High.Ungirdled,2017,Alive,2,0
MP,2017.MP.30.High.Ungirdled,2017,Alive,2,0
MP,2017.MP.31.Low.Girdled,2017,Alive,2,0
Nor,2017.Nor.S 1.1.High.Ungirdled,2017,Alive,1,0
Nor,2017.Nor.S 1.1.High.Ungirdled,2017,Alive,1,0
Nor,2017.Nor.S 1.1.High.Ungirdled,2017,Alive,1,0
Nor,2017.Nor.S 1.1.High.Ungirdled,2017,Alive,1,0
Nor,2017.Nor.S 1.1.High.Ungirdled,2017,Alive,2,0
Nor,2017.Nor.S 1.1.High.Ungirdled,2017,Alive,3,0
Nor,2017.Nor.S 1.1.High.Ungirdled,2017,Alive,4,0
Nor,2017.Nor.S 1.1.High.Ungirdled,2017,Alive,5,0
Nor,2017.Nor.S 1.1.High.Ungirdled,2017,Alive,5,0
Nor,2017.Nor.S 1.1.High.Ungirdled,2017,Alive,5,0
Nor,2017.Nor.S 1.1.High.Ungirdled,2017,Alive,5,0
Nor,2017.Nor.S 1.2.High.Ungirdled,2017,Alive,1,0
Nor,2017.Nor.S 1.2.High.Ungirdled,2017,Alive,1,0
Nor,2017.Nor.S 1.2.High.Ungirdled,2017,Alive,1,0
Nor,2017.Nor.S 1.2.High.Ungirdled,2017,Alive,2,0
Nor,2017.Nor.S 1.2.High.Ungirdled,2017,Alive,2,0
Nor,2017.Nor.S 1.3.High.Ungirdled,2017,Tets,1,37
Nor,2017.Nor.S 1.3.High.Ungirdled,2017,Tets,1,37
Nor,2017.Nor.S 1.3.High.Ungirdled,2017,Tets,1,37
Nor,2017.Nor.S 1.3.High.Ungirdled,2017,Tets,1,37
Nor,2017.Nor.S 1.3.High.Ungirdled,2017,Tets,2,37
Nor,2017.Nor.S 1.3.High.Ungirdled,2017,Tets,2,37
Nor,2017.Nor.S 1.3.High.Ungirdled,2017,Tets,2,37
Nor,2017.Nor.S 1.3.High.Ungirdled,2017,Tets,2,37
Nor,2017.Nor.S 1.3.High.Ungirdled,2017,Tets,2,37
Nor,2017.Nor.S 1.3.High.Ungirdled,2017,Tets,5,37
Nor,2017.Nor.S 1.3.High.Ungirdled,2017,Tets,5,37
Nor,2017.Nor.S 1.3.High.Ungirdled,2017,Tets,5,37
Nor,2017.Nor.S 1.3.High.Ungirdled,2017,Tets,5,37
Nor,2017.Nor.S 1.3.High.Ungirdled,2017,Tets,5,37
Nor,2017.Nor.S 1.4.High.Ungirdled,2017,Alive,1,0
Nor,2017.Nor.S 1.4.High.Ungirdled,2017,Alive,1,0
Nor,2017.Nor.S 1.4.High.Ungirdled,2017,Alive,2,0
Nor,2017.Nor.S 1.4.High.Ungirdled,2017,Alive,2,0
Nor,2017.Nor.S 2.1.High.Girdled,2017,Tets,2,204
Nor,2017.Nor.S 2.1.High.Girdled,2017,Tets,3,204
Nor,2017.Nor.S 2.1.High.Girdled,2017,Tets,4,204
Nor,2017.Nor.S 2.1.High.Girdled,2017,Tets,5,204
Nor,2017.Nor.S 2.1.High.Girdled,2017,Tets,5,204
Nor,2017.Nor.S 2.1.High.Girdled,2017,Tets,5,204
Nor,2017.Nor.S 2.1.High.Girdled,2017,Tets,5,204
Nor,2017.Nor.S 2.1.High.Girdled,2017,Tets,5,204
Nor,2017.Nor.S 2.1.High.Girdled,2017,Tets,5,204
Nor,2017.Nor.S 2.1.High.Girdled,2017,Tets,5,204
Nor,2017.Nor.S 2.1.High.Girdled,2017,Tets,5,204
Nor,2017.Nor.S 2.2.High.Girdled,2017,Tets,1,183
Nor,2017.Nor.S 2.2.High.Girdled,2017,Tets,1,183
Nor,2017.Nor.S 2.2.High.Girdled,2017,Tets,2,183
Nor,2017.Nor.S 2.2.High.Girdled,2017,Tets,3,183
Nor,2017.Nor.S 2.2.High.Girdled,2017,Tets,4,183
Nor,2017.Nor.S 2.2.High.Girdled,2017,Tets,5,183
Nor,2017.Nor.S 2.2.High.Girdled,2017,Tets,5,183
Nor,2017.Nor.S 2.2.High.Girdled,2017,Tets,5,183
Nor,2017.Nor.S 2.2.High.Girdled,2017,Tets,5,183
Nor,2017.Nor.S 2.2.High.Girdled,2017,Tets,5,183
Nor,2017.Nor.S 2.2.High.Girdled,2017,Tets,5,183
Nor,2017.Nor.S 2.3.High.Girdled,2017,Alive,1,0
Nor,2017.Nor.S 2.3.High.Girdled,2017,Alive,1,0
Nor,2017.Nor.S 2.3.High.Girdled,2017,Alive,1,0
Nor,2017.Nor.S 2.3.High.Girdled,2017,Alive,1,0
Nor,2017.Nor.S 2.3.High.Girdled,2017,Alive,1,0
Nor,2017.Nor.S 2.3.High.Girdled,2017,Alive,1,0
Nor,2017.Nor.S 2.3.High.Girdled,2017,Alive,2,0
Nor,2017.Nor.S 2.3.High.Girdled,2017,Alive,5,0
Nor,2017.Nor.S 2.3.High.Girdled,2017,Alive,5,0
Nor,2017.Nor.S 2.4.High.Girdled,2017,Tets,5,153
Nor,2017.Nor.S 2.4.High.Girdled,2017,Tets,5,153
Nor,2017.Nor.S 2.4.High.Girdled,2017,Tets,5,153
Nor,2017.Nor.S 2.4.High.Girdled,2017,Tets,5,153
Nor,2017.Nor.S 2.4.High.Girdled,2017,Tets,5,153
Nor,2017.Nor.S 2.4.High.Girdled,2017,Tets,5,153
Nor,2017.Nor.S 2.4.High.Girdled,2017,Tets,5,153
Nor,2017.Nor.S 2.4.High.Girdled,2017,Tets,5,153
Nor,2017.Nor.S 2.4.High.Girdled,2017,Tets,5,153
Nor,2017.Nor.S 2.4.High.Girdled,2017,Tets,5,153
Nor,2017.Nor.S 2.4.High.Girdled,2017,Tets,5,153
Nor,2017.Nor.S 2.4.High.Girdled,2017,Tets,5,153
Nor,2017.Nor.S 3.1.Low.Ungirdled,2017,Tets,3,34
Nor,2017.Nor.S 3.1.Low.Ungirdled,2017,Tets,4,34
Nor,2017.Nor.S 3.2.Low.Ungirdled,2017,Tets,1,106
Nor,2017.Nor.S 3.2.Low.Ungirdled,2017,Tets,1,106
Nor,2017.Nor.S 3.3.Low.Ungirdled,2017,Alive,0,0
Nor,2017.Nor.S 3.4.Low.Ungirdled,2017,Tets,1,110
Nor,2017.Nor.S 3.4.Low.Ungirdled,2017,Tets,1,110
Nor,2017.Nor.S 3.4.Low.Ungirdled,2017,Tets,1,110
Nor,2017.Nor.S 3.4.Low.Ungirdled,2017,Tets,1,110
Nor,2017.Nor.S 3.4.Low.Ungirdled,2017,Tets,4,110
Nor,2017.Nor.S 3.4.Low.Ungirdled,2017,Tets,5,110
Nor,2017.Nor.S 3.4.Low.Ungirdled,2017,Tets,5,110
Nor,2017.Nor.S 3.4.Low.Ungirdled,2017,Tets,5,110
Nor,2017.Nor.S 3.4.Low.Ungirdled,2017,Tets,5,110
Nor,2017.Nor.S 3.4.Low.Ungirdled,2017,Tets,5,110
Nor,2017.Nor.S 3.4.Low.Ungirdled,2017,Tets,5,110
Nor,2017.Nor.S 4.1.Low.Girdled,2017,Alive,1,0
Nor,2017.Nor.S 4.1.Low.Girdled,2017,KBT,1,0
Nor,2017.Nor.S 4.1.Low.Girdled,2017,Alive,1,0
Nor,2017.Nor.S 4.1.Low.Girdled,2017,Alive,1,0
Nor,2017.Nor.S 4.1.Low.Girdled,2017,Alive,1,0
Nor,2017.Nor.S 4.1.Low.Girdled,2017,Alive,2,0
Nor,2017.Nor.S 4.1.Low.Girdled,2017,Alive,3,0
Nor,2017.Nor.S 4.1.Low.Girdled,2017,Alive,3,0
Nor,2017.Nor.S 4.1.Low.Girdled,2017,Alive,5,0
Nor,2017.Nor.S 4.2.Low.Girdled,2017,Alive,1,0
Nor,2017.Nor.S 4.2.Low.Girdled,2017,Alive,3,0
Nor,2017.Nor.S 4.3.Low.Girdled,2017,Alive,0,0
Nor,2017.Nor.S 4.4 .Low.Girdled,2017,Alive,2,0
Nor,2017.Nor.S 4.4 .Low.Girdled,2017,Alive,4,0
Nor,2017.Nor.S 4.4 .Low.Girdled,2017,Alive,5,0
Nor,2017.Nor.S 4.4 .Low.Girdled,2017,Alive,5,0
Nor,2017.Nor.Sen 1.Low.Ungirdled,2017,Alive,0,0
Nor,2017.Nor.Sen 10.Low.Ungirdled,2017,Alive,0,0
Nor,2017.Nor.Sen 2.Low.Ungirdled,2017,Tets,3,3
Nor,2017.Nor.Sen 3.Low.Girdled,2017,Alive,0,0
Nor,2017.Nor.Sen 4.Low.Girdled,2017,Alive,0,0
Nor,2017.Nor.Sen 5.Low.Ungirdled,2017,Tets,1,35
Nor,2017.Nor.Sen 6.Low.Girdled,2017,Alive,0,0
Nor,2017.Nor.Sen 7.Low.Girdled,2017,KBT,1,0
Nor,2017.Nor.Sen 7.Low.Girdled,2017,Alive,1,0
Nor,2017.Nor.Sen 8.Low.Ungirdled,2017,Tets,5,26
Nor,2017.Nor.Sen 8.Low.Ungirdled,2017,Tets,5,26
Nor,2017.Nor.Sen 8.Low.Ungirdled,2017,Tets,5,26
Nor,2017.Nor.Sen 9.Low.Girdled,2017,Tets,1,57
Nor,2017.Nor.Sen 9.Low.Girdled,2017,Tets,4,57
BP,2018.BP.3.Control.Girdled,2018,Alive,0,0
BP,2018.BP.3.Control.Girdled,2018,Alive,0,0
BP,2018.BP.3.Control.Girdled,2018,Alive,0,0
BP,2018.BP.3.Control.Girdled,2018,Tets,4,32
BP,2018.BP.3.Control.Girdled,2018,Tets,4,22
BP,2018.BP.4.High.Ungirdled,2018,Alive,2,0
BP,2018.BP.4.High.Ungirdled,2018,Alive,2,0
BP,2018.BP.4.High.Ungirdled,2018,Alive,2,0
BP,2018.BP.4.High.Ungirdled,2018,Alive,2,0
BP,2018.BP.4.High.Ungirdled,2018,Alive,2,0
BP,2018.BP.4.High.Ungirdled,2018,Alive,2,0
BP,2018.BP.4.High.Ungirdled,2018,Alive,2,0
BP,2018.BP.4.High.Ungirdled,2018,Alive,2,0
BP,2018.BP.4.High.Ungirdled,2018,Alive,2,0
BP,2018.BP.4.High.Ungirdled,2018,Alive,2,0
BP,2018.BP.4.High.Ungirdled,2018,Alive,2,0
BP,2018.BP.4.High.Ungirdled,2018,Alive,3,0
BP,2018.BP.4.High.Ungirdled,2018,Alive,3,0
BP,2018.BP.4.High.Ungirdled,2018,Alive,3,0
BP,2018.BP.4.High.Ungirdled,2018,Alive,3,0
BP,2018.BP.4.High.Ungirdled,2018,Alive,3,0
BP,2018.BP.4.High.Ungirdled,2018,Alive,3,0
BP,2018.BP.4.High.Ungirdled,2018,Alive,3,0
BP,2018.BP.4.High.Ungirdled,2018,Alive,3,0
BP,2018.BP.4.High.Ungirdled,2018,Alive,3,0
BP,2018.BP.4.High.Ungirdled,2018,Alive,3,0
BP,2018.BP.4.High.Ungirdled,2018,Alive,4,0
BP,2018.BP.4.High.Ungirdled,2018,Alive,0,0
BP,2018.BP.5.Low.Girdled,2018,Alive,5,0
BP,2018.BP.5.Low.Girdled,2018,Alive,4,0
BP,2018.BP.5.Low.Girdled,2018,Alive,5,0
BP,2018.BP.5.Low.Girdled,2018,OG,4,0
BP,2018.BP.5.Low.Girdled,2018,Tets,4,12
BP,2018.BP.6.Control.Girdled,2018,Alive,0,0
BP,2018.BP.6.Control.Girdled,2018,Alive,0,0
BP,2018.BP.7.Low.Ungirdled,2018,Alive,2,0
BP,2018.BP.7.Low.Ungirdled,2018,Alive,4,0
BP,2018.BP.7.Low.Ungirdled,2018,Alive,2,0
BP,2018.BP.7.Low.Ungirdled,2018,KBT,3,0
BP,2018.BP.7.Low.Ungirdled,2018,Tets,4,35
BP,2018.BP.8.High.Girdled,2018,Alive,4,0
BP,2018.BP.8.High.Girdled,2018,Alive,5,0
BP,2018.BP.8.High.Girdled,2018,Alive,5,0
BP,2018.BP.8.High.Girdled,2018,Alive,5,0
BP,2018.BP.8.High.Girdled,2018,Alive,5,0
BP,2018.BP.8.High.Girdled,2018,Alive,5,0
BP,2018.BP.8.High.Girdled,2018,Alive,5,0
BP,2018.BP.8.High.Girdled,2018,Alive,5,0
BP,2018.BP.8.High.Girdled,2018,Alive,5,0
BP,2018.BP.8.High.Girdled,2018,Alive,5,0
BP,2018.BP.8.High.Girdled,2018,Tets,4,60
BP,2018.BP.8.High.Girdled,2018,Tets,4,32
BP,2018.BP.8.High.Girdled,2018,Tets,4,35
BP,2018.BP.8.High.Girdled,2018,Tets,5,27
BP,2018.BP.8.High.Girdled,2018,Tets,5,36
BP,2018.BP.8.High.Girdled,2018,Tets,4,6
BP,2018.BP.8.High.Girdled,2018,Tets,4,6
BP,2018.BP.9.Low.Ungirdled,2018,Tets,4,11
BP,2018.BP.9.Low.Ungirdled,2018,Tets,4,48
BP,2018.BP.9.Low.Ungirdled,2018,Tets,3,57
BP,2018.BP.9.Low.Ungirdled,2018,Tets,3,28
BP,2018.BP.9.Low.Ungirdled,2018,Tets,4,20
BP,2018.BP.9.Low.Ungirdled,2018,Tets,4,8
BP,2018.BP.9.Low.Ungirdled,2018,Tets,4,8
BP,2018.BP.9.Low.Ungirdled,2018,Tets,4,83
BP,2018.BP.9.Low.Ungirdled,2018,Tets,4,21
BP,2018.BP.10.HIgh.Girdled,2018,Alive,5,0
BP,2018.BP.10.HIgh.Girdled,2018,Alive,5,0
BP,2018.BP.10.HIgh.Girdled,2018,Alive,5,0
BP,2018.BP.10.HIgh.Girdled,2018,Alive,3,0
BP,2018.BP.10.HIgh.Girdled,2018,Alive,3,0
BP,2018.BP.10.HIgh.Girdled,2018,Tets,4,72
BP,2018.BP.10.HIgh.Girdled,2018,Tets,4,18
BP,2018.BP.10.HIgh.Girdled,2018,Tets,4,22
BP,2018.BP.10.HIgh.Girdled,2018,Tets,4,47
BP,2018.BP.10.HIgh.Girdled,2018,Tets,5,43
BP,2018.BP.10.HIgh.Girdled,2018,Tets,5,52
BP,2018.BP.11.Control.Girdled,2018,Alive,2,0
BP,2018.BP.11.Control.Girdled,2018,Alive,5,0
BP,2018.BP.11.Control.Girdled,2018,Alive,5,0
BP,2018.BP.11.Control.Girdled,2018,Alive,5,0
BP,2018.BP.11.Control.Girdled,2018,Alive,0,0
BP,2018.BP.12.Low.Ungirdled,2018,Alive,3,0
BP,2018.BP.12.Low.Ungirdled,2018,Alive,3,0
BP,2018.BP.12.Low.Ungirdled,2018,Alive,3,0
BP,2018.BP.12.Low.Ungirdled,2018,Alive,3,0
BP,2018.BP.12.Low.Ungirdled,2018,Alive,0,0
BP,2018.BP.12.Low.Ungirdled,2018,Tets,5,78
BP,2018.BP.13.Control.Ungirdled,2018,Alive,1,0
BP,2018.BP.13.Control.Ungirdled,2018,Alive,0,0
BP,2018.BP.14.Control.Ungirdled,2018,Alive,0,0
BP,2018.BP.14.Control.Ungirdled,2018,Alive,0,0
BP,2018.BP.15.Control.Ungirdled,2018,Alive,0,0
BP,2018.BP.15.Control.Ungirdled,2018,Alive,0,0
BP,2018.BP.16.Low.Girdled,2018,Tets,4,12
BP,2018.BP.16.Low.Girdled,2018,Tets,4,34
BP,2018.BP.16.Low.Girdled,2018,Tets,5,24
BP,2018.BP.17.High.Girdled,2018,Alive,3,0
BP,2018.BP.17.High.Girdled,2018,KBT,2,0
BP,2018.BP.17.High.Girdled,2018,KBT,1,0
BP,2018.BP.17.High.Girdled,2018,Tets,3,12
BP,2018.BP.17.High.Girdled,2018,Tets,4,7
BP,2018.BP.18.Low.Ungirdled,2018,Alive,2,0
BP,2018.BP.18.Low.Ungirdled,2018,Alive,2,0
BP,2018.BP.18.Low.Ungirdled,2018,Tets,4,56
BP,2018.BP.18.Low.Ungirdled,2018,Tets,4,37
BP,2018.BP.18.Low.Ungirdled,2018,Tets,4,46
BP,2018.BP.18.Low.Ungirdled,2018,Tets,4,36
BP,2018.BP.18.Low.Ungirdled,2018,Tets,4,18
BP,2018.BP.19.Low.Girdled,2018,Tets,4,76
BP,2018.BP.19.Low.Girdled,2018,Tets,4,65
BP,2018.BP.19.Low.Girdled,2018,Tets,5,46
BP,2018.BP.19.Low.Girdled,2018,Tets,5,76
BP,2018.BP.19.Low.Girdled,2018,Tets,4,53
BP,2018.BP.19.Low.Girdled,2018,Tets,4,28
BP,2018.BP.19.Low.Girdled,2018,Tets,4,68
BP,2018.BP.20.High.Ungirdled,2018,Alive,1,0
BP,2018.BP.20.High.Ungirdled,2018,Alive,2,0
BP,2018.BP.20.High.Ungirdled,2018,Alive,2,0
BP,2018.BP.20.High.Ungirdled,2018,Alive,3,0
BP,2018.BP.20.High.Ungirdled,2018,Alive,3,0
BP,2018.BP.20.High.Ungirdled,2018,Alive,3,0
BP,2018.BP.20.High.Ungirdled,2018,Alive,3,0
BP,2018.BP.20.High.Ungirdled,2018,KBT,1,0
BP,2018.BP.20.High.Ungirdled,2018,Tets,3,32
BP,2018.BP.20.High.Ungirdled,2018,Tets,3,14
BP,2018.BP.20.High.Ungirdled,2018,Tets,4,4
BP,2018.BP.21.Low.Ungirdled,2018,Alive,2,0
BP,2018.BP.21.Low.Ungirdled,2018,Alive,2,0
BP,2018.BP.21.Low.Ungirdled,2018,Alive,2,0
BP,2018.BP.21.Low.Ungirdled,2018,Alive,2,0
BP,2018.BP.21.Low.Ungirdled,2018,Alive,2,0
BP,2018.BP.21.Low.Ungirdled,2018,Alive,2,0
BP,2018.BP.21.Low.Ungirdled,2018,Alive,2,0
BP,2018.BP.21.Low.Ungirdled,2018,Alive,2,0
BP,2018.BP.21.Low.Ungirdled,2018,Tets,3,5
BP,2018.BP.21.Low.Ungirdled,2018,Tets,3,4
BP,2018.BP.21.Low.Ungirdled,2018,Tets,4,63
BP,2018.BP.22.High.Ungirdled,2018,Alive,2,0
BP,2018.BP.22.High.Ungirdled,2018,Alive,2,0
BP,2018.BP.22.High.Ungirdled,2018,Alive,4,0
BP,2018.BP.22.High.Ungirdled,2018,Alive,5,0
BP,2018.BP.22.High.Ungirdled,2018,Alive,5,0
BP,2018.BP.22.High.Ungirdled,2018,Alive,5,0
BP,2018.BP.22.High.Ungirdled,2018,Alive,5,0
BP,2018.BP.22.High.Ungirdled,2018,Alive,5,0
BP,2018.BP.22.High.Ungirdled,2018,Alive,5,0
BP,2018.BP.22.High.Ungirdled,2018,Alive,5,0
BP,2018.BP.22.High.Ungirdled,2018,Alive,5,0
BP,2018.BP.22.High.Ungirdled,2018,Alive,5,0
BP,2018.BP.22.High.Ungirdled,2018,Alive,5,0
BP,2018.BP.22.High.Ungirdled,2018,Alive,5,0
BP,2018.BP.22.High.Ungirdled,2018,Alive,4,0
BP,2018.BP.22.High.Ungirdled,2018,Alive,5,0
BP,2018.BP.22.High.Ungirdled,2018,Alive,5,0
BP,2018.BP.22.High.Ungirdled,2018,Alive,5,0
BP,2018.BP.22.High.Ungirdled,2018,Alive,5,0
BP,2018.BP.22.High.Ungirdled,2018,Alive,5,0
BP,2018.BP.22.High.Ungirdled,2018,Alive,5,0
BP,2018.BP.22.High.Ungirdled,2018,Alive,5,0
BP,2018.BP.22.High.Ungirdled,2018,Alive,5,0
BP,2018.BP.22.High.Ungirdled,2018,Alive,5,0
BP,2018.BP.22.High.Ungirdled,2018,Alive,5,0
BP,2018.BP.22.High.Ungirdled,2018,Alive,5,0
BP,2018.BP.22.High.Ungirdled,2018,Alive,5,0
BP,2018.BP.22.High.Ungirdled,2018,Alive,5,0
BP,2018.BP.22.High.Ungirdled,2018,Tets,2,3
BP,2018.BP.22.High.Ungirdled,2018,Tets,4,16
BP,2018.BP.22.High.Ungirdled,2018,Tets,4,23
BP,2018.BP.22.High.Ungirdled,2018,Tets,5,45
BP,2018.BP.22.High.Ungirdled,2018,Tets,5,15
BP,2018.BP.22.High.Ungirdled,2018,Tets,5,25
BP,2018.BP.22.High.Ungirdled,2018,Tets,5,18
BP,2018.BP.22.High.Ungirdled,2018,Tets,5,44
BP,2018.BP.22.High.Ungirdled,2018,Tets,4,1
BP,2018.BP.22.High.Ungirdled,2018,Tets,4,3
BP,2018.BP.22.High.Ungirdled,2018,WP,5,0
BP,2018.BP.23.High.Girdled,2018,Alive,0,0
BP,2018.BP.23.High.Girdled,2018,Alive,0,0
BP,2018.BP.24.High.Girdled,2018,Alive,5,0
BP,2018.BP.24.High.Girdled,2018,Alive,4,0
BP,2018.BP.24.High.Girdled,2018,Alive,5,0
BP,2018.BP.24.High.Girdled,2018,Tets,5,57
BP,2018.BP.24.High.Girdled,2018,Tets,5,5
BP,2018.BP.24.High.Girdled,2018,Tets,5,34
BP,2018.BP.24.High.Girdled,2018,Tets,4,24
BP,2018.BP.24.High.Girdled,2018,Tets,4,18
BP,2018.BP.24.High.Girdled,2018,Tets,4,18
BP,2018.BP.24.High.Girdled,2018,Tets,4,33
BP,2018.BP.24.High.Girdled,2018,Tets,5,45
BP,2018.BP.25.Low.Girdled,2018,Alive,1,0
BP,2018.BP.25.Low.Girdled,2018,Tets,3,96
BP,2018.BP.25.Low.Girdled,2018,Tets,3,32
BP,2018.BP.25.Low.Girdled,2018,Tets,4,12
BP,2018.BP.27.Control.Ungirdled,2018,Alive,0,0
BP,2018.BP.27.Control.Ungirdled,2018,Alive,0,0
BP,2018.BP.28.Low.Girdled,2018,Alive,2,0
BP,2018.BP.28.Low.Girdled,2018,Alive,2,0
BP,2018.BP.28.Low.Girdled,2018,Alive,2,0
BP,2018.BP.28.Low.Girdled,2018,Alive,5,0
BP,2018.BP.28.Low.Girdled,2018,Alive,5,0
BP,2018.BP.28.Low.Girdled,2018,Alive,5,0
BP,2018.BP.28.Low.Girdled,2018,Alive,5,0
BP,2018.BP.28.Low.Girdled,2018,Alive,5,0
BP,2018.BP.28.Low.Girdled,2018,Alive,5,0
BP,2018.BP.28.Low.Girdled,2018,Alive,5,0
BP,2018.BP.28.Low.Girdled,2018,Alive,5,0
BP,2018.BP.28.Low.Girdled,2018,Alive,5,0
BP,2018.BP.28.Low.Girdled,2018,Alive,5,0
BP,2018.BP.28.Low.Girdled,2018,Alive,5,0
BP,2018.BP.28.Low.Girdled,2018,Alive,5,0
BP,2018.BP.28.Low.Girdled,2018,Alive,5,0
BP,2018.BP.28.Low.Girdled,2018,Alive,5,0
BP,2018.BP.28.Low.Girdled,2018,Alive,5,0
BP,2018.BP.28.Low.Girdled,2018,Alive,1,0
BP,2018.BP.28.Low.Girdled,2018,Alive,1,0
BP,2018.BP.28.Low.Girdled,2018,Alive,3,0
BP,2018.BP.28.Low.Girdled,2018,Alive,3,0
BP,2018.BP.28.Low.Girdled,2018,Alive,3,0
BP,2018.BP.28.Low.Girdled,2018,Alive,5,0
BP,2018.BP.28.Low.Girdled,2018,Alive,5,0
BP,2018.BP.28.Low.Girdled,2018,Alive,5,0
BP,2018.BP.28.Low.Girdled,2018,Alive,5,0
BP,2018.BP.28.Low.Girdled,2018,OG,4,0
BP,2018.BP.28.Low.Girdled,2018,OG,4,0
BP,2018.BP.28.Low.Girdled,2018,OG,4,0
BP,2018.BP.28.Low.Girdled,2018,OG,4,0
BP,2018.BP.28.Low.Girdled,2018,Tets,4,39
BP,2018.BP.28.Low.Girdled,2018,Tets,4,73
BP,2018.BP.28.Low.Girdled,2018,Tets,5,17
BP,2018.BP.28.Low.Girdled,2018,Tets,5,46
BP,2018.BP.28.Low.Girdled,2018,Tets,5,37
BP,2018.BP.28.Low.Girdled,2018,Tets,5,29
BP,2018.BP.29.Low.Ungirdled,2018,Alive,3,0
BP,2018.BP.29.Low.Ungirdled,2018,Alive,3,0
BP,2018.BP.29.Low.Ungirdled,2018,Alive,5,0
BP,2018.BP.29.Low.Ungirdled,2018,Alive,5,0
BP,2018.BP.29.Low.Ungirdled,2018,Alive,5,0
BP,2018.BP.29.Low.Ungirdled,2018,Alive,2,0
BP,2018.BP.29.Low.Ungirdled,2018,Alive,3,0
BP,2018.BP.29.Low.Ungirdled,2018,KBT,1,0
BP,2018.BP.29.Low.Ungirdled,2018,KBT,1,0
BP,2018.BP.30.High.Ungirdled,2018,Alive,3,0
BP,2018.BP.30.High.Ungirdled,2018,Alive,4,0
BP,2018.BP.30.High.Ungirdled,2018,Tets,4,24
BP,2018.BP.30.High.Ungirdled,2018,Tets,4,36
BP,2018.BP.30.High.Ungirdled,2018,Tets,5,73
BP,2018.BP.30.High.Ungirdled,2018,Tets,5,74
BP,2018.BP.30.High.Ungirdled,2018,Tets,5,58
BP,2018.BP.30.High.Ungirdled,2018,Tets,5,69
BP,2018.BP.31.Low.Girdled,2018,Alive,2,0
BP,2018.BP.31.Low.Girdled,2018,Alive,2,0
BP,2018.BP.31.Low.Girdled,2018,Alive,2,0
BP,2018.BP.31.Low.Girdled,2018,Alive,1,0
BP,2018.BP.31.Low.Girdled,2018,Alive,1,0
BP,2018.BP.31.Low.Girdled,2018,Alive,4,0
BP,2018.BP.31.Low.Girdled,2018,Alive,4,0
BP,2018.BP.31.Low.Girdled,2018,Alive,4,0
BP,2018.BP.31.Low.Girdled,2018,Alive,0,0
BP,2018.BP.31.Low.Girdled,2018,OG,5,0
BP,2018.BP.31.Low.Girdled,2018,OG,5,0
BP,2018.BP.31.Low.Girdled,2018,OG,5,0
BP,2018.BP.31.Low.Girdled,2018,OG,5,0
BP,2018.BP.31.Low.Girdled,2018,OG,5,0
BP,2018.BP.31.Low.Girdled,2018,Tets,4,18
BP,2018.BP.32.Control.Girdled,2018,Alive,5,0
BP,2018.BP.32.Control.Girdled,2018,Tets,3,8
BP,2018.BP.32.Control.Girdled,2018,Tets,4,14
BP,2018.BP.32.Control.Girdled,2018,Tets,4,33
BP,2018.BP.32.Control.Girdled,2018,Tets,5,67
BP,2018.BP.33.High.Girdled,2018,Alive,2,0
BP,2018.BP.33.High.Girdled,2018,Alive,4,0
BP,2018.BP.33.High.Girdled,2018,Alive,4,0
BP,2018.BP.33.High.Girdled,2018,Alive,3,0
BP,2018.BP.33.High.Girdled,2018,KBT,1,0
BP,2018.BP.33.High.Girdled,2018,KBT,1,0
BP,2018.BP.33.High.Girdled,2018,KBT,1,0
BP,2018.BP.33.High.Girdled,2018,Alive,0,0
BP,2018.BP.33.High.Girdled,2018,Tets,3,38
BP,2018.BP.33.High.Girdled,2018,Tets,3,12
BP,2018.BP.33.High.Girdled,2018,Tets,4,36
BP,2018.BP.34.High.Girdled,2018,Alive,5,0
BP,2018.BP.34.High.Girdled,2018,Alive,5,0
BP,2018.BP.34.High.Girdled,2018,Alive,5,0
BP,2018.BP.34.High.Girdled,2018,Alive,5,0
BP,2018.BP.34.High.Girdled,2018,Alive,5,0
BP,2018.BP.34.High.Girdled,2018,Alive,5,0
BP,2018.BP.34.High.Girdled,2018,Tets,3,8
BP,2018.BP.34.High.Girdled,2018,Tets,3,10
BP,2018.BP.34.High.Girdled,2018,Tets,4,33
BP,2018.BP.34.High.Girdled,2018,Tets,5,70
BP,2018.BP.34.High.Girdled,2018,Tets,5,13
BP,2018.BP.34.High.Girdled,2018,Tets,5,16
BP,2018.BP.34.High.Girdled,2018,Tets,5,96
BP,2018.BP.34.High.Girdled,2018,Tets,5,45
BP,2018.BP.35.High.Girdled,2018,Alive,4,0
BP,2018.BP.35.High.Girdled,2018,Alive,4,0
BP,2018.BP.35.High.Girdled,2018,Alive,4,0
BP,2018.BP.35.High.Girdled,2018,Alive,4,0
BP,2018.BP.35.High.Girdled,2018,Alive,4,0
BP,2018.BP.35.High.Girdled,2018,Alive,4,0
BP,2018.BP.35.High.Girdled,2018,KBT,1,0
BP,2018.BP.35.High.Girdled,2018,KBT,2,0
BP,2018.BP.35.High.Girdled,2018,KBT,3,0
BP,2018.BP.35.High.Girdled,2018,Tets,3,20
BP,2018.BP.35.High.Girdled,2018,Tets,3,5
BP,2018.BP.35.High.Girdled,2018,Tets,3,12
BP,2018.BP.36.Low.Girdled,2018,Alive,0,0
BP,2018.BP.36.Low.Girdled,2018,Alive,0,0
LA,2018.LA.4.Low.Girdled,2018,Alive,1,0
LA,2018.LA.4.Low.Girdled,2018,Alive,1,0
LA,2018.LA.4.Low.Girdled,2018,Alive,0,0
LA,2018.LA.5.Low.Girdled,2018,Alive,4,0
LA,2018.LA.5.Low.Girdled,2018,Alive,4,0
LA,2018.LA.5.Low.Girdled,2018,Alive,0,0
LA,2018.LA.5.Low.Girdled,2018,Tets,3,10
LA,2018.LA.5.Low.Girdled,2018,Tets,3,6
LA,2018.LA.5.Low.Girdled,2018,Tets,4,36
LA,2018.LA.6.High.Girdled,2018,Alive,4,0
LA,2018.LA.6.High.Girdled,2018,Alive,4,0
LA,2018.LA.6.High.Girdled,2018,Alive,5,0
LA,2018.LA.6.High.Girdled,2018,Alive,5,0
LA,2018.LA.6.High.Girdled,2018,Alive,5,0
LA,2018.LA.6.High.Girdled,2018,Alive,5,0
LA,2018.LA.6.High.Girdled,2018,Alive,5,0
LA,2018.LA.6.High.Girdled,2018,Alive,3,0
LA,2018.LA.6.High.Girdled,2018,Tets,4,0
LA,2018.LA.7.High.Ungirdled,2018,Alive,0,0
LA,2018.LA.7.High.Ungirdled,2018,Alive,0,0
LA,2018.LA.8.High.Girdled,2018,Alive,3,0
LA,2018.LA.8.High.Girdled,2018,Alive,3,0
LA,2018.LA.8.High.Girdled,2018,Alive,3,0
LA,2018.LA.8.High.Girdled,2018,Alive,4,0
LA,2018.LA.8.High.Girdled,2018,Alive,4,0
LA,2018.LA.8.High.Girdled,2018,Tets,4,12
LA,2018.LA.8.High.Girdled,2018,Tets,4,19
LA,2018.LA.8.High.Girdled,2018,Tets,5,14
LA,2018.LA.9.Control.Girdled,2018,Alive,0,0
LA,2018.LA.9.Control.Girdled,2018,Alive,0,0
LA,2018.LA.11.High.Ungirdled,2018,Alive,2,0
LA,2018.LA.11.High.Ungirdled,2018,Alive,2,0
LA,2018.LA.11.High.Ungirdled,2018,Alive,2,0
LA,2018.LA.11.High.Ungirdled,2018,Alive,2,0
LA,2018.LA.11.High.Ungirdled,2018,Alive,2,0
LA,2018.LA.11.High.Ungirdled,2018,Alive,2,0
LA,2018.LA.11.High.Ungirdled,2018,Alive,2,0
LA,2018.LA.11.High.Ungirdled,2018,Alive,3,0
LA,2018.LA.11.High.Ungirdled,2018,Alive,3,0
LA,2018.LA.11.High.Ungirdled,2018,Alive,3,0
LA,2018.LA.11.High.Ungirdled,2018,Alive,4,0
LA,2018.LA.11.High.Ungirdled,2018,Alive,5,0
LA,2018.LA.12.Control.Ungirdled,2018,Alive,2,0
LA,2018.LA.12.Control.Ungirdled,2018,Alive,2,0
LA,2018.LA.12.Control.Ungirdled,2018,Alive,0,0
LA,2018.LA.12.Control.Ungirdled,2018,Tets,4,25
LA,2018.LA.13.Control.Ungirdled,2018,Alive,0,0
LA,2018.LA.13.Control.Ungirdled,2018,Alive,0,0
LA,2018.LA.14.Low.Ungirdled,2018,Alive,2,0
LA,2018.LA.14.Low.Ungirdled,2018,Alive,3,0
LA,2018.LA.14.Low.Ungirdled,2018,Alive,5,0
LA,2018.LA.14.Low.Ungirdled,2018,Alive,2,0
LA,2018.LA.14.Low.Ungirdled,2018,Alive,2,0
LA,2018.LA.14.Low.Ungirdled,2018,Alive,5,0
LA,2018.LA.14.Low.Ungirdled,2018,Alive,5,0
LA,2018.LA.14.Low.Ungirdled,2018,Tets,5,9
LA,2018.LA.15.Low.Girdled,2018,Alive,3,0
LA,2018.LA.15.Low.Girdled,2018,Alive,3,0
LA,2018.LA.15.Low.Girdled,2018,Alive,3,0
LA,2018.LA.15.Low.Girdled,2018,Alive,1,0
LA,2018.LA.15.Low.Girdled,2018,Alive,1,0
LA,2018.LA.15.Low.Girdled,2018,Alive,4,0
LA,2018.LA.16.Control.Ungirdled,2018,Alive,5,0
LA,2018.LA.16.Control.Ungirdled,2018,Alive,0,0
LA,2018.LA.17.Low.Ungirdled,2018,Alive,2,0
LA,2018.LA.17.Low.Ungirdled,2018,Alive,3,0
LA,2018.LA.17.Low.Ungirdled,2018,Alive,2,0
LA,2018.LA.17.Low.Ungirdled,2018,Alive,2,0
LA,2018.LA.17.Low.Ungirdled,2018,Alive,2,0
LA,2018.LA.18.High.Ungirdled,2018,Alive,2,0
LA,2018.LA.18.High.Ungirdled,2018,Alive,2,0
LA,2018.LA.18.High.Ungirdled,2018,Alive,2,0
LA,2018.LA.18.High.Ungirdled,2018,Alive,2,0
LA,2018.LA.18.High.Ungirdled,2018,Alive,2,0
LA,2018.LA.18.High.Ungirdled,2018,Alive,2,0
LA,2018.LA.18.High.Ungirdled,2018,Alive,2,0
LA,2018.LA.18.High.Ungirdled,2018,Alive,2,0
LA,2018.LA.18.High.Ungirdled,2018,Alive,2,0
LA,2018.LA.18.High.Ungirdled,2018,Alive,2,0
LA,2018.LA.18.High.Ungirdled,2018,Alive,2,0
LA,2018.LA.18.High.Ungirdled,2018,KBT,2,0
LA,2018.LA.18.High.Ungirdled,2018,KBT,2,0
LA,2018.LA.18.High.Ungirdled,2018,KBT,2,0
LA,2018.LA.18.High.Ungirdled,2018,KBT,1,0
LA,2018.LA.18.High.Ungirdled,2018,KBT,1,0
LA,2018.LA.18.High.Ungirdled,2018,Tets,5,47
LA,2018.LA.20.High.Ungirdled,2018,Alive,2,0
LA,2018.LA.20.High.Ungirdled,2018,Alive,3,0
LA,2018.LA.20.High.Ungirdled,2018,Alive,2,0
LA,2018.LA.20.High.Ungirdled,2018,Alive,2,0
LA,2018.LA.20.High.Ungirdled,2018,Tets,4,12
LA,2018.LA.20.High.Ungirdled,2018,Tets,4,25
LA,2018.LA.20.High.Ungirdled,2018,Tets,4,45
LA,2018.LA.20.High.Ungirdled,2018,Tets,4,33
LA,2018.LA.20.High.Ungirdled,2018,Tets,5,12
LA,2018.LA.20.High.Ungirdled,2018,Tets,5,34
LA,2018.LA.20.High.Ungirdled,2018,Tets,5,18
LA,2018.LA.20.High.Ungirdled,2018,Tets,5,36
LA,2018.LA.20.High.Ungirdled,2018,Tets,5,23
LA,2018.LA.20.High.Ungirdled,2018,Tets,5,23
LA,2018.LA.21.Control.Ungirdled,2018,Alive,2,0
LA,2018.LA.21.Control.Ungirdled,2018,Alive,2,0
LA,2018.LA.21.Control.Ungirdled,2018,Alive,2,0
LA,2018.LA.21.Control.Ungirdled,2018,Alive,2,0
LA,2018.LA.21.Control.Ungirdled,2018,Alive,2,0
LA,2018.LA.21.Control.Ungirdled,2018,Alive,2,0
LA,2018.LA.21.Control.Ungirdled,2018,Alive,2,0
LA,2018.LA.21.Control.Ungirdled,2018,Alive,2,0
LA,2018.LA.21.Control.Ungirdled,2018,Alive,2,0
LA,2018.LA.21.Control.Ungirdled,2018,Alive,2,0
LA,2018.LA.21.Control.Ungirdled,2018,Alive,2,0
LA,2018.LA.21.Control.Ungirdled,2018,Alive,2,0
LA,2018.LA.21.Control.Ungirdled,2018,Alive,2,0
LA,2018.LA.21.Control.Ungirdled,2018,Alive,2,0
LA,2018.LA.21.Control.Ungirdled,2018,Alive,2,0
LA,2018.LA.22.High.Ungirdled,2018,Alive,1,0
LA,2018.LA.22.High.Ungirdled,2018,Alive,1,0
LA,2018.LA.22.High.Ungirdled,2018,Alive,2,0
LA,2018.LA.22.High.Ungirdled,2018,Alive,2,0
LA,2018.LA.22.High.Ungirdled,2018,Alive,2,0
LA,2018.LA.22.High.Ungirdled,2018,Alive,2,0
LA,2018.LA.22.High.Ungirdled,2018,Alive,2,0
LA,2018.LA.22.High.Ungirdled,2018,Alive,2,0
LA,2018.LA.22.High.Ungirdled,2018,Alive,3,0
LA,2018.LA.22.High.Ungirdled,2018,Tets,3,6
LA,2018.LA.22.High.Ungirdled,2018,Tets,4,28
LA,2018.LA.22.High.Ungirdled,2018,Tets,4,15
LA,2018.LA.22.High.Ungirdled,2018,Tets,3,12
LA,2018.LA.22.High.Ungirdled,2018,Tets,3,35
LA,2018.LA.22.High.Ungirdled,2018,Tets,3,12
LA,2018.LA.22.High.Ungirdled,2018,Tets,4,5
LA,2018.LA.22.High.Ungirdled,2018,Tets,5,33
LA,2018.LA.23.Control.Girdled,2018,Alive,0,0
LA,2018.LA.23.Control.Girdled,2018,Alive,0,0
LA,2018.LA.24.Control.Girdled,2018,Alive,2,0
LA,2018.LA.24.Control.Girdled,2018,Alive,4,0
LA,2018.LA.24.Control.Girdled,2018,Alive,0,0
LA,2018.LA.25.Low.Ungirdled,2018,Alive,3,0
LA,2018.LA.25.Low.Ungirdled,2018,Alive,3,0
LA,2018.LA.25.Low.Ungirdled,2018,Alive,3,0
LA,2018.LA.25.Low.Ungirdled,2018,Alive,2,0
LA,2018.LA.25.Low.Ungirdled,2018,KBT,1,0
LA,2018.LA.25.Low.Ungirdled,2018,KBT,1,0
LA,2018.LA.26.Low.Ungirdled,2018,Alive,1,0
LA,2018.LA.26.Low.Ungirdled,2018,Alive,4,0
LA,2018.LA.26.Low.Ungirdled,2018,Alive,4,0
LA,2018.LA.26.Low.Ungirdled,2018,Tets,5,32
LA,2018.LA.27.Low.Girdled,2018,Alive,5,0
LA,2018.LA.27.Low.Girdled,2018,Alive,5,0
LA,2018.LA.27.Low.Girdled,2018,Alive,5,0
LA,2018.LA.27.Low.Girdled,2018,Alive,5,0
LA,2018.LA.27.Low.Girdled,2018,Alive,1,0
LA,2018.LA.27.Low.Girdled,2018,Tets,5,63
LA,2018.LA.27.Low.Girdled,2018,Tets,5,13
LA,2018.LA.28.High.Girdled,2018,Alive,5,0
LA,2018.LA.28.High.Girdled,2018,Alive,5,0
LA,2018.LA.28.High.Girdled,2018,Alive,5,0
LA,2018.LA.28.High.Girdled,2018,Alive,5,0
LA,2018.LA.28.High.Girdled,2018,Alive,5,0
LA,2018.LA.28.High.Girdled,2018,Alive,5,0
LA,2018.LA.28.High.Girdled,2018,Alive,5,0
LA,2018.LA.28.High.Girdled,2018,KBT,2,0
LA,2018.LA.28.High.Girdled,2018,KBT,2,0
LA,2018.LA.28.High.Girdled,2018,Tets,5,24
LA,2018.LA.28.High.Girdled,2018,Tets,4,28
LA,2018.LA.28.High.Girdled,2018,Tets,4,14
LA,2018.LA.28.High.Girdled,2018,Tets,4,78
LA,2018.LA.28.High.Girdled,2018,Tets,4,13
LA,2018.LA.28.High.Girdled,2018,Tets,5,10
LA,2018.LA.28.High.Girdled,2018,Tets,5,36
LA,2018.LA.28.High.Girdled,2018,Tets,5,19
LA,2018.LA.29.Low.Girdled,2018,Alive,3,0
LA,2018.LA.29.Low.Girdled,2018,Alive,4,0
LA,2018.LA.29.Low.Girdled,2018,Alive,1,0
LA,2018.LA.29.Low.Girdled,2018,Alive,2,0
LA,2018.LA.29.Low.Girdled,2018,Tets,5,42
LA,2018.LA.30.High.Girdled,2018,Alive,1,0
LA,2018.LA.30.High.Girdled,2018,Alive,1,0
LA,2018.LA.30.High.Girdled,2018,Alive,2,0
LA,2018.LA.30.High.Girdled,2018,Alive,2,0
LA,2018.LA.30.High.Girdled,2018,Alive,3,0
LA,2018.LA.30.High.Girdled,2018,Alive,4,0
LA,2018.LA.30.High.Girdled,2018,Alive,1,0
LA,2018.LA.30.High.Girdled,2018,Alive,1,0
LA,2018.LA.30.High.Girdled,2018,Alive,2,0
LA,2018.LA.30.High.Girdled,2018,Alive,2,0
LA,2018.LA.30.High.Girdled,2018,Alive,3,0
LA,2018.LA.30.High.Girdled,2018,Alive,3,0
LA,2018.LA.30.High.Girdled,2018,Alive,3,0
LA,2018.LA.30.High.Girdled,2018,Tets,5,12
LA,2018.LA.31.Low.Girdled,2018,Alive,5,0
LA,2018.LA.31.Low.Girdled,2018,Alive,1,0
LA,2018.LA.31.Low.Girdled,2018,Alive,1,0
LA,2018.LA.32.Low.Ungirdled,2018,Alive,3,0
LA,2018.LA.32.Low.Ungirdled,2018,Alive,3,0
LA,2018.LA.32.Low.Ungirdled,2018,Alive,2,0
LA,2018.LA.32.Low.Ungirdled,2018,Alive,2,0
LA,2018.LA.32.Low.Ungirdled,2018,Alive,2,0
LA,2018.LA.32.Low.Ungirdled,2018,Alive,0,0
LA,2018.LA.32.Low.Ungirdled,2018,Tets,3,14
LA,2018.LA.32.Low.Ungirdled,2018,Tets,3,23
LA,2018.LA.33.Low.Ungirdled,2018,Alive,2,0
LA,2018.LA.33.Low.Ungirdled,2018,Alive,4,0
LA,2018.LA.33.Low.Ungirdled,2018,Alive,2,0
LA,2018.LA.33.Low.Ungirdled,2018,Alive,2,0
LA,2018.LA.33.Low.Ungirdled,2018,KBT,1,0
LA,2018.LA.33.Low.Ungirdled,2018,KBT,1,0
LA,2018.LA.34.High.Girdled,2018,Alive,5,0
LA,2018.LA.34.High.Girdled,2018,Alive,5,0
LA,2018.LA.34.High.Girdled,2018,Alive,5,0
LA,2018.LA.34.High.Girdled,2018,Alive,5,0
LA,2018.LA.34.High.Girdled,2018,Alive,5,0
LA,2018.LA.34.High.Girdled,2018,Alive,5,0
LA,2018.LA.34.High.Girdled,2018,Alive,5,0
LA,2018.LA.34.High.Girdled,2018,Alive,5,0
LA,2018.LA.34.High.Girdled,2018,Alive,5,0
LA,2018.LA.34.High.Girdled,2018,Alive,5,0
LA,2018.LA.34.High.Girdled,2018,Alive,5,0
LA,2018.LA.34.High.Girdled,2018,Alive,5,0
LA,2018.LA.34.High.Girdled,2018,Alive,5,0
LA,2018.LA.34.High.Girdled,2018,KBT,2,0
LA,2018.LA.34.High.Girdled,2018,KBT,2,0
LA,2018.LA.34.High.Girdled,2018,Tets,4,5
LA,2018.LA.34.High.Girdled,2018,Tets,4,6
LA,2018.LA.34.High.Girdled,2018,Tets,4,38
LA,2018.LA.34.High.Girdled,2018,Tets,4,18
LA,2018.LA.35.Control.Ungirdled,2018,Alive,0,0
LA,2018.LA.35.Control.Ungirdled,2018,Alive,0,0
SI,2018.SI.1.Low.Ungirdled,2018,Alive,2,0
SI,2018.SI.1.Low.Ungirdled,2018,Alive,2,0
SI,2018.SI.1.Low.Ungirdled,2018,Alive,5,0
SI,2018.SI.1.Low.Ungirdled,2018,Alive,5,0
SI,2018.SI.1.Low.Ungirdled,2018,Alive,5,0
SI,2018.SI.1.Low.Ungirdled,2018,Alive,5,0
SI,2018.SI.1.Low.Ungirdled,2018,Alive,5,0
SI,2018.SI.1.Low.Ungirdled,2018,Alive,5,0
SI,2018.SI.1.Low.Ungirdled,2018,Alive,1,0
SI,2018.SI.1.Low.Ungirdled,2018,Alive,1,0
SI,2018.SI.1.Low.Ungirdled,2018,Alive,1,0
SI,2018.SI.1.Low.Ungirdled,2018,Alive,1,0
SI,2018.SI.1.Low.Ungirdled,2018,Alive,5,0
SI,2018.SI.1.Low.Ungirdled,2018,Alive,5,0
SI,2018.SI.1.Low.Ungirdled,2018,Alive,1,0
SI,2018.SI.1.Low.Ungirdled,2018,Alive,1,0
SI,2018.SI.2.Control.Girdled,2018,Alive,4,0
SI,2018.SI.2.Control.Girdled,2018,Alive,0,0
SI,2018.SI.3.High.Girdled,2018,Alive,3,0
SI,2018.SI.3.High.Girdled,2018,Alive,3,0
SI,2018.SI.3.High.Girdled,2018,Alive,5,0
SI,2018.SI.3.High.Girdled,2018,Alive,5,0
SI,2018.SI.3.High.Girdled,2018,Alive,5,0
SI,2018.SI.3.High.Girdled,2018,Alive,5,0
SI,2018.SI.3.High.Girdled,2018,Alive,5,0
SI,2018.SI.3.High.Girdled,2018,Alive,5,0
SI,2018.SI.3.High.Girdled,2018,Alive,5,0
SI,2018.SI.3.High.Girdled,2018,Alive,5,0
SI,2018.SI.3.High.Girdled,2018,Alive,5,0
SI,2018.SI.3.High.Girdled,2018,Alive,5,0
SI,2018.SI.3.High.Girdled,2018,Tets,3,13
SI,2018.SI.4.Control.Girdled,2018,Alive,0,0
SI,2018.SI.4.Control.Girdled,2018,Alive,0,0
SI,2018.SI.5.Control.Girdled,2018,Alive,3,0
SI,2018.SI.5.Control.Girdled,2018,Alive,1,0
SI,2018.SI.6.Control.Ungirdled,2018,KBT,1,0
SI,2018.SI.6.Control.Ungirdled,2018,Alive,0,0
SI,2018.SI.7.Low.Girdled,2018,Alive,5,0
SI,2018.SI.7.Low.Girdled,2018,Alive,5,0
SI,2018.SI.7.Low.Girdled,2018,Alive,5,0
SI,2018.SI.7.Low.Girdled,2018,Tets,5,23
SI,2018.SI.8.Low.Girdled,2018,Alive,2,0
SI,2018.SI.8.Low.Girdled,2018,Tets,3,4
SI,2018.SI.8.Low.Girdled,2018,Tets,3,18
SI,2018.SI.8.Low.Girdled,2018,Tets,3,9
SI,2018.SI.8.Low.Girdled,2018,Tets,2,2
SI,2018.SI.9.High.Ungirdled,2018,Alive,1,0
SI,2018.SI.9.High.Ungirdled,2018,Alive,1,0
SI,2018.SI.9.High.Ungirdled,2018,Alive,5,0
SI,2018.SI.9.High.Ungirdled,2018,Alive,5,0
SI,2018.SI.9.High.Ungirdled,2018,Alive,5,0
SI,2018.SI.9.High.Ungirdled,2018,Alive,5,0
SI,2018.SI.9.High.Ungirdled,2018,Alive,3,0
SI,2018.SI.9.High.Ungirdled,2018,Alive,3,0
SI,2018.SI.9.High.Ungirdled,2018,Alive,3,0
SI,2018.SI.9.High.Ungirdled,2018,Alive,3,0
SI,2018.SI.9.High.Ungirdled,2018,Alive,3,0
SI,2018.SI.9.High.Ungirdled,2018,Alive,3,0
SI,2018.SI.9.High.Ungirdled,2018,Alive,3,0
SI,2018.SI.9.High.Ungirdled,2018,Alive,3,0
SI,2018.SI.9.High.Ungirdled,2018,Alive,3,0
SI,2018.SI.9.High.Ungirdled,2018,Alive,3,0
SI,2018.SI.9.High.Ungirdled,2018,Tets,3,0
SI,2018.SI.10.High.Ungirdled,2018,Alive,2,0
SI,2018.SI.10.High.Ungirdled,2018,Alive,0,0
SI,2018.SI.11.High.Girdled,2018,Alive,1,0
SI,2018.SI.11.High.Girdled,2018,Alive,1,0
SI,2018.SI.11.High.Girdled,2018,Alive,1,0
SI,2018.SI.11.High.Girdled,2018,Alive,1,0
SI,2018.SI.11.High.Girdled,2018,Alive,2,0
SI,2018.SI.11.High.Girdled,2018,Alive,3,0
SI,2018.SI.11.High.Girdled,2018,Alive,3,0
SI,2018.SI.11.High.Girdled,2018,Alive,3,0
SI,2018.SI.11.High.Girdled,2018,Alive,3,0
SI,2018.SI.11.High.Girdled,2018,Alive,3,0
SI,2018.SI.11.High.Girdled,2018,Alive,3,0
SI,2018.SI.11.High.Girdled,2018,Alive,3,0
SI,2018.SI.11.High.Girdled,2018,KBT,1,0
SI,2018.SI.11.High.Girdled,2018,KBT,1,0
SI,2018.SI.11.High.Girdled,2018,KBT,1,0
SI,2018.SI.11.High.Girdled,2018,Tets,3,12
SI,2018.SI.12.High.Ungirdled,2018,Alive,2,0
SI,2018.SI.12.High.Ungirdled,2018,Alive,1,0
SI,2018.SI.12.High.Ungirdled,2018,Alive,2,0
SI,2018.SI.12.High.Ungirdled,2018,Alive,3,0
SI,2018.SI.12.High.Ungirdled,2018,Tets,2,15
SI,2018.SI.12.High.Ungirdled,2018,Tets,3,6
SI,2018.SI.12.High.Ungirdled,2018,Tets,3,18
SI,2018.SI.12.High.Ungirdled,2018,Tets,3,18
SI,2018.SI.12.High.Ungirdled,2018,Tets,4,62
SI,2018.SI.12.High.Ungirdled,2018,Tets,3,10
SI,2018.SI.13.Control.Ungirdled,2018,Alive,0,0
SI,2018.SI.13.Control.Ungirdled,2018,Alive,0,0
SI,2018.SI.14.Control.Ungirdled,2018,Alive,0,0
SI,2018.SI.14.Control.Ungirdled,2018,Alive,0,0
SI,2018.SI.15.Low.Ungirdled,2018,Alive,5,0
SI,2018.SI.15.Low.Ungirdled,2018,Alive,5,0
SI,2018.SI.15.Low.Ungirdled,2018,Alive,5,0
SI,2018.SI.15.Low.Ungirdled,2018,Alive,5,0
SI,2018.SI.15.Low.Ungirdled,2018,Alive,5,0
SI,2018.SI.15.Low.Ungirdled,2018,Alive,0,0
SI,2018.SI.17.High.Ungirdled,2018,Alive,2,0
SI,2018.SI.17.High.Ungirdled,2018,Alive,3,0
SI,2018.SI.17.High.Ungirdled,2018,Alive,3,0
SI,2018.SI.18.Low.Ungirdled,2018,Alive,1,0
SI,2018.SI.18.Low.Ungirdled,2018,KBT,1,0
SI,2018.SI.18.Low.Ungirdled,2018,Alive,0,0
SI,2018.SI.19.High.Ungirdled,2018,Alive,3,0
SI,2018.SI.19.High.Ungirdled,2018,Alive,3,0
SI,2018.SI.19.High.Ungirdled,2018,Alive,3,0
SI,2018.SI.19.High.Ungirdled,2018,Alive,4,0
SI,2018.SI.19.High.Ungirdled,2018,Alive,4,0
SI,2018.SI.19.High.Ungirdled,2018,Alive,4,0
SI,2018.SI.19.High.Ungirdled,2018,Alive,4,0
SI,2018.SI.19.High.Ungirdled,2018,Alive,3,0
SI,2018.SI.19.High.Ungirdled,2018,Alive,5,0
SI,2018.SI.19.High.Ungirdled,2018,Alive,5,0
SI,2018.SI.19.High.Ungirdled,2018,Alive,5,0
SI,2018.SI.19.High.Ungirdled,2018,Alive,5,0
SI,2018.SI.19.High.Ungirdled,2018,Alive,5,0
SI,2018.SI.20.High.Girdled,2018,Alive,2,0
SI,2018.SI.20.High.Girdled,2018,Alive,2,0
SI,2018.SI.20.High.Girdled,2018,Alive,2,0
SI,2018.SI.20.High.Girdled,2018,Alive,2,0
SI,2018.SI.20.High.Girdled,2018,Alive,1,0
SI,2018.SI.20.High.Girdled,2018,Alive,1,0
SI,2018.SI.20.High.Girdled,2018,Alive,1,0
SI,2018.SI.20.High.Girdled,2018,Alive,1,0
SI,2018.SI.20.High.Girdled,2018,Alive,3,0
SI,2018.SI.20.High.Girdled,2018,Alive,3,0
SI,2018.SI.20.High.Girdled,2018,Alive,3,0
SI,2018.SI.20.High.Girdled,2018,Alive,3,0
SI,2018.SI.20.High.Girdled,2018,Alive,3,0
SI,2018.SI.20.High.Girdled,2018,Alive,3,0
SI,2018.SI.20.High.Girdled,2018,Alive,3,0
SI,2018.SI.20.High.Girdled,2018,Tets,3,1
SI,2018.SI.22.High.Girdled,2018,Alive,5,0
SI,2018.SI.22.High.Girdled,2018,Alive,5,0
SI,2018.SI.23.Low.Girdled,2018,Alive,2,0
SI,2018.SI.23.Low.Girdled,2018,Alive,2,0
SI,2018.SI.23.Low.Girdled,2018,Alive,3,0
SI,2018.SI.23.Low.Girdled,2018,KBT,2,0
SI,2018.SI.23.Low.Girdled,2018,Alive,0,0
SI,2018.SI.24.Low.Girdled,2018,Alive,1,0
SI,2018.SI.24.Low.Girdled,2018,Alive,0,0
SI,2018.SI.25.Low.Ungirdled,2018,Alive,2,0
SI,2018.SI.25.Low.Ungirdled,2018,Alive,2,0
SI,2018.SI.25.Low.Ungirdled,2018,Alive,2,0
SI,2018.SI.25.Low.Ungirdled,2018,Alive,2,0
SI,2018.SI.25.Low.Ungirdled,2018,Alive,1,0
SI,2018.SI.25.Low.Ungirdled,2018,Alive,1,0
SI,2018.SI.26.Control.Girdled,2018,Alive,0,0
SI,2018.SI.26.Control.Girdled,2018,Alive,0,0
SI,2018.SI.27.Low.Ungirdled,2018,Alive,1,0
SI,2018.SI.27.Low.Ungirdled,2018,Tets,2,3
SI,2018.SI.28.High.Girdled,2018,Alive,0,0
SI,2018.SI.28.High.Girdled,2018,Alive,0,0
SI,2018.SI.29.Low.Girdled,2018,Alive,5,0
SI,2018.SI.29.Low.Girdled,2018,Alive,5,0
SI,2018.SI.29.Low.Girdled,2018,Alive,5,0
SI,2018.SI.29.Low.Girdled,2018,Alive,0,0
SI,2018.SI.30.Low.Girdled,2018,Alive,1,0
SI,2018.SI.30.Low.Girdled,2018,Alive,1,0
SI,2018.SI.30.Low.Girdled,2018,Alive,1,0
SI,2018.SI.30.Low.Girdled,2018,Alive,1,0
SI,2018.SI.30.Low.Girdled,2018,Alive,0,0
SI,2018.SI.30.Low.Girdled,2018,Alive,0,0
SI,2018.SI.31.Control.Ungirdled,2018,Alive,0,0
SI,2018.SI.31.Control.Ungirdled,2018,Alive,0,0
SI,2018.SI.32.Low.Ungirdled,2018,Alive,3,0
SI,2018.SI.32.Low.Ungirdled,2018,Alive,3,0
SI,2018.SI.32.Low.Ungirdled,2018,Alive,3,0
SI,2018.SI.32.Low.Ungirdled,2018,Alive,5,0
SI,2018.SI.32.Low.Ungirdled,2018,Alive,5,0
SI,2018.SI.32.Low.Ungirdled,2018,Alive,5,0
SI,2018.SI.32.Low.Ungirdled,2018,Alive,0,0